{"2984972":"||googletagmanager.com/gtm.js$third-party,script,redirect=googletagmanager-gtm,domain=~corsair.com|~olx.*|~simon.com|~bethesda.net|~paddle.com","3196943":"||sgtm.ipekyol.com.tr/gtm.js$script,redirect=googletagmanager-gtm","3197074":"||googletagmanager.com/gtag/js$script,redirect=googletagmanager-gtm,domain=ncsoft.jp","3197709":"||googletagmanager.com/gtag/js?id=$script,redirect=googletagmanager-gtm,domain=dvdmax.pl","3224859":"||googletagmanager.com/gtag/js$script,redirect=googletagmanager-gtm,domain=clujust.ro","3228930":"||googletagmanager.com/gtm.js$script,redirect=googletagmanager-gtm,important,domain=raaga.com","3229020":"||googletagmanager.com/gtag/js$script,redirect=googletagmanager-gtm,domain=weathernews.jp,important","3231127":"||googletagmanager.com/gtag/js?id=$script,redirect=googletagmanager-gtm,domain=inforesist.org,important","3231410":"||googletagmanager.com/gtm.js$script,xmlhttprequest,redirect=googletagmanager-gtm,domain=evernote.com,important","3233888":"||googletagmanager.com/gtm.js$script,xmlhttprequest,redirect=googletagmanager-gtm,domain=whoer.net","3234605":"||googletagmanager.com/gtm.js$script,xmlhttprequest,redirect=googletagmanager-gtm,domain=coda.io,important","3235415":"||googletagmanager.com/gtm.js$script,xmlhttprequest,redirect=googletagmanager-gtm,domain=systemrequirementslab.com,important","3238238":"||googletagmanager.com/gtm.js$script,xmlhttprequest,redirect=googletagmanager-gtm,important,domain=napishem.ru","3239410":"||googletagmanager.com/gtm.js$script,xmlhttprequest,redirect=googletagmanager-gtm,domain=oresundsbron.com,important","3239635":"||googletagmanager.com/gtm.js$script,xmlhttprequest,redirect=googletagmanager-gtm,important,domain=thestar.co.uk","3240145":"||googletagmanager.com/gtag/js$script,other,redirect=googletagmanager-gtm,domain=filmomaniak.pl","3243279":"||googletagmanager.com/gtm.js$script,xmlhttprequest,redirect=googletagmanager-gtm,important,domain=cuk.pl","3245317":"||googletagmanager.com/gtm.js$script,xmlhttprequest,redirect=googletagmanager-gtm,important,domain=pcjisaku.com","3248285":"||googletagmanager.com/gtm.js$script,xmlhttprequest,redirect=googletagmanager-gtm,important,domain=northantstelegraph.co.uk","3251074":"||googletagmanager.com/gtm.js$script,xmlhttprequest,important,redirect=googletagmanager-gtm,domain=gazin.com.br","3253003":"||googletagmanager.com/gtag/js$script,other,redirect=googletagmanager-gtm,domain=guardaserie.*","3253610":"||googletagmanager.com/gtm.js$script,redirect=googletagmanager-gtm,important,domain=flyingv.cc","3258238":"||googletagmanager.com/gtag/js$script,other,redirect=googletagmanager-gtm,domain=playphrase.me","3259394":"||googletagmanager.com/gtag/js$script,redirect=googletagmanager-gtm,domain=html5.gamedistribution.com","3263312":"||googletagmanager.com/gtm.js$script,redirect=googletagmanager-gtm,important,domain=displate.com","3275382":"||googletagmanager.com/gtm.js$script,redirect=googletagmanager-gtm,domain=theverge.com,important"}