[
	{
		"id": 15419,
		"action": {
			"type": "modifyHeaders",
			"responseHeaders": [
				{
					"operation": "append",
					"header": "Content-Security-Policy",
					"value": "worker-src 'none'"
				}
			]
		},
		"condition": {
			"initiatorDomains": [
				"123telugu.com",
				"300mbfilms.co",
				"agp.com.pk",
				"ajplugins.com",
				"animeteatr.ru",
				"arnaques-internet.info",
				"atk-exotics.com",
				"atkebony.com",
				"aulaplus.com.br",
				"babyjav.com",
				"bigspeeds.com",
				"btstors.com",
				"bustrain.net",
				"centrum-dramy.pl",
				"chemikino.ru",
				"cinemafacil.com",
				"citypaintsupplyghana.com",
				"clicktabs.net",
				"clipwatching.com",
				"coinfaucet.eu",
				"coinhub.win",
				"cracklists.com",
				"crictime.com",
				"crictime.is",
				"dekoder.ws",
				"deltabit.co",
				"descargas2020.com",
				"djs.sk",
				"domnuleprimar.ro",
				"dragonballzpolo.blogspot.com",
				"eduardolegatti.blogspot.com",
				"empirenews.org",
				"esudog.top",
				"fileone.tv",
				"filmonet.com",
				"filmovix.com",
				"filmovix.net",
				"filmovix.org",
				"filmstreamvk.me",
				"filmstreamvk.net",
				"filmstreamvk.org",
				"filmstreamvk.site",
				"filmyhd.cz",
				"firstone.tv",
				"firstonetv.eu",
				"firstonetv.live",
				"fruithosts.net",
				"funtik.tv",
				"genashowalter.com",
				"hdvid.tv",
				"ianimes.co",
				"inside-out.xyz",
				"javdl.co",
				"jkanime.net",
				"jpdress.com",
				"kickass.cd",
				"kinohabr.net",
				"kinokongo.cc",
				"kinoprofi.org",
				"kinosha.cc",
				"lafmacun.net",
				"leitor.net",
				"lewd.ninja",
				"love-drama.pl",
				"mladipodnikatelia.sk",
				"movie4k.is",
				"mozakrah.com",
				"mrunlock.icu",
				"myfeed4u.net",
				"nahnoji.cz",
				"netiap.com",
				"neurozinzin.com",
				"novator.az",
				"novoscrb.ru",
				"onlinevideoconverter.com",
				"openload.cc",
				"pebx.pl",
				"peliculas24.me",
				"pelisplus.online",
				"pezeshk.us",
				"potomy.ru",
				"powvideo.cc",
				"powvideo.net",
				"protect-iframe.com",
				"protect-link.biz",
				"rapidvideo.com",
				"reactor.cc",
				"rednubes.de",
				"rahunas.org",
				"salon.com",
				"seriesenlinea.net",
				"severita-service.ru",
				"sherlockonline.ru",
				"shrink-service.it",
				"shush.se",
				"sickrage.ca",
				"sleeptimer.org",
				"sorteosrd.com",
				"studio100.it",
				"tapemovie.com",
				"tarntercum.ru",
				"theappguruz.com",
				"tomadivx.tv",
				"torrentrapid.com",
				"tubetitties.com",
				"tugaanimado.net",
				"uptobox.com",
				"uptobox.fr",
				"uptobox.link",
				"uptostream.com",
				"uptostream.fr",
				"uptostream.link",
				"uptostream.eu",
				"vidfile.net",
				"vidoza.co",
				"vidoza.net",
				"vidtudu.com",
				"vidup.me",
				"void.cat",
				"voirfilms.mx",
				"wallpoper.com",
				"wearesaudis.net",
				"yourjav.com",
				"zona.plus"
			],
			"resourceTypes": [
				"main_frame",
				"sub_frame",
				"stylesheet",
				"script",
				"image",
				"font",
				"object",
				"xmlhttprequest",
				"ping",
				"media",
				"websocket",
				"other"
			]
		},
		"priority": 102
	},
	{
		"id": 17205,
		"action": {
			"type": "modifyHeaders",
			"responseHeaders": [
				{
					"operation": "append",
					"header": "Content-Security-Policy",
					"value": "child-src 'none'; frame-src *; worker-src 'none'"
				}
			]
		},
		"condition": {
			"initiatorDomains": [
				"kickass.cd",
				"myfeed4u.net",
				"vidoza.co",
				"vidoza.net",
				"vidup.me"
			],
			"resourceTypes": [
				"main_frame",
				"sub_frame",
				"stylesheet",
				"script",
				"image",
				"font",
				"object",
				"xmlhttprequest",
				"ping",
				"media",
				"websocket",
				"other"
			]
		},
		"priority": 121
	},
	{
		"id": 18105,
		"action": {
			"type": "modifyHeaders",
			"responseHeaders": [
				{
					"operation": "append",
					"header": "Content-Security-Policy",
					"value": "child-src 'none'; frame-src *; worker-src 'none'"
				}
			]
		},
		"condition": {
			"initiatorDomains": [
				"pirateproxy.mx",
				"thepiratebay.by",
				"thepiratebay.org",
				"thepiratebay.rocks",
				"thepiratebay10.org",
				"unblocktheship.org"
			],
			"resourceTypes": [
				"main_frame",
				"sub_frame",
				"stylesheet",
				"script",
				"image",
				"font",
				"object",
				"xmlhttprequest",
				"ping",
				"media",
				"websocket",
				"other"
			]
		},
		"priority": 118
	},
	{
		"id": 5,
		"action": {
			"type": "block"
		},
		"condition": {
			"urlFilter": "||23.83.114.131^",
			"domainType": "thirdParty"
		},
		"priority": 2
	},
	{
		"id": 47,
		"action": {
			"type": "block"
		},
		"condition": {
			"urlFilter": "||2miners.com^",
			"domainType": "thirdParty"
		},
		"priority": 2
	},
	{
		"id": 87,
		"action": {
			"type": "block"
		},
		"condition": {
			"urlFilter": "||35.194.26.233^",
			"domainType": "thirdParty"
		},
		"priority": 2
	},
	{
		"id": 129,
		"action": {
			"type": "block"
		},
		"condition": {
			"urlFilter": "||45.15.156.210^"
		},
		"priority": 1
	},
	{
		"id": 156,
		"action": {
			"type": "block"
		},
		"condition": {
			"urlFilter": "||35.239.57.233^",
			"domainType": "thirdParty"
		},
		"priority": 2
	},
	{
		"id": 198,
		"action": {
			"type": "block"
		},
		"condition": {
			"urlFilter": "||45.32.105.134^",
			"domainType": "thirdParty"
		},
		"priority": 2
	},
	{
		"id": 240,
		"action": {
			"type": "block"
		},
		"condition": {
			"urlFilter": "||77.162.125.199^",
			"domainType": "thirdParty"
		},
		"priority": 2
	},
	{
		"id": 283,
		"action": {
			"type": "block"
		},
		"condition": {
			"urlFilter": "||185.165.169.108^",
			"domainType": "thirdParty"
		},
		"priority": 2
	},
	{
		"id": 327,
		"action": {
			"type": "block"
		},
		"condition": {
			"urlFilter": "||a-calc.de^",
			"domainType": "thirdParty"
		},
		"priority": 2
	},
	{
		"id": 365,
		"action": {
			"type": "block"
		},
		"condition": {
			"urlFilter": "||acbp0020171456.page.tl^"
		},
		"priority": 1
	},
	{
		"id": 401,
		"action": {
			"type": "block"
		},
		"condition": {
			"urlFilter": "||ad-miner.com^",
			"domainType": "thirdParty"
		},
		"priority": 2
	},
	{
		"id": 442,
		"action": {
			"type": "block"
		},
		"condition": {
			"urlFilter": "||adless.io^",
			"domainType": "thirdParty"
		},
		"priority": 2
	},
	{
		"id": 480,
		"action": {
			"type": "block"
		},
		"condition": {
			"urlFilter": "||adminer.com^",
			"domainType": "thirdParty"
		},
		"priority": 2
	},
	{
		"id": 520,
		"action": {
			"type": "block"
		},
		"condition": {
			"urlFilter": "||aeros02.tk^",
			"domainType": "thirdParty"
		},
		"priority": 2
	},
	{
		"id": 559,
		"action": {
			"type": "block"
		},
		"condition": {
			"urlFilter": "||aeros12.tk^",
			"domainType": "thirdParty"
		},
		"priority": 2
	},
	{
		"id": 598,
		"action": {
			"type": "block"
		},
		"condition": {
			"urlFilter": "||afminer.com^",
			"domainType": "thirdParty"
		},
		"priority": 2
	},
	{
		"id": 638,
		"action": {
			"type": "block"
		},
		"condition": {
			"urlFilter": "||analytics.blue^",
			"domainType": "thirdParty"
		},
		"priority": 2
	},
	{
		"id": 681,
		"action": {
			"type": "block"
		},
		"condition": {
			"urlFilter": "||andlache.com^",
			"domainType": "thirdParty"
		},
		"priority": 2
	},
	{
		"id": 722,
		"action": {
			"type": "block"
		},
		"condition": {
			"urlFilter": "||ashgrrwt.click^"
		},
		"priority": 1
	},
	{
		"id": 750,
		"action": {
			"type": "block"
		},
		"condition": {
			"urlFilter": "||authedmine.com^",
			"domainType": "thirdParty"
		},
		"priority": 2
	},
	{
		"id": 793,
		"action": {
			"type": "block"
		},
		"condition": {
			"urlFilter": "||authedmine.eu^",
			"domainType": "thirdParty"
		},
		"priority": 2
	},
	{
		"id": 835,
		"action": {
			"type": "block"
		},
		"condition": {
			"urlFilter": "||authedwebmine.cz^",
			"domainType": "thirdParty",
			"excludedInitiatorDomains": [
				"webmine.cz"
			]
		},
		"priority": 3
	},
	{
		"id": 905,
		"action": {
			"type": "block"
		},
		"condition": {
			"urlFilter": "||bablace.com^",
			"domainType": "thirdParty"
		},
		"priority": 2
	},
	{
		"id": 945,
		"action": {
			"type": "block"
		},
		"condition": {
			"urlFilter": "||bafybeidravcab5p3acvthxtwosm4rfpl4yypwwm52s7sazgxaezfzn5xn4.ipfs.infura-ipfs.io^"
		},
		"priority": 1
	},
	{
		"id": 1038,
		"action": {
			"type": "block"
		},
		"condition": {
			"urlFilter": "||baiduccdn1.com^",
			"domainType": "thirdParty"
		},
		"priority": 2
	},
	{
		"id": 1081,
		"action": {
			"type": "block"
		},
		"condition": {
			"urlFilter": "||becanium.com^",
			"domainType": "thirdParty"
		},
		"priority": 2
	},
	{
		"id": 1122,
		"action": {
			"type": "block"
		},
		"condition": {
			"urlFilter": "||belicimo.pw^"
		},
		"priority": 1
	},
	{
		"id": 1147,
		"action": {
			"type": "block"
		},
		"condition": {
			"urlFilter": "||besocial.online^",
			"domainType": "thirdParty"
		},
		"priority": 2
	},
	{
		"id": 1191,
		"action": {
			"type": "block"
		},
		"condition": {
			"urlFilter": "||bestcoinsignals.com^",
			"domainType": "thirdParty"
		},
		"priority": 2
	},
	{
		"id": 1239,
		"action": {
			"type": "block"
		},
		"condition": {
			"urlFilter": "||bestsrv.de^"
		},
		"priority": 1
	},
	{
		"id": 1263,
		"action": {
			"type": "block"
		},
		"condition": {
			"urlFilter": "||bewaslac.com^",
			"domainType": "thirdParty"
		},
		"priority": 2
	},
	{
		"id": 1304,
		"action": {
			"type": "block"
		},
		"condition": {
			"urlFilter": "||bhzejltg.info^",
			"domainType": "thirdParty"
		},
		"priority": 2
	},
	{
		"id": 1346,
		"action": {
			"type": "block"
		},
		"condition": {
			"urlFilter": "||biberukalap.com^",
			"domainType": "thirdParty"
		},
		"priority": 2
	},
	{
		"id": 1390,
		"action": {
			"type": "block"
		},
		"condition": {
			"urlFilter": "||binarybusiness.de^",
			"domainType": "thirdParty"
		},
		"priority": 2
	},
	{
		"id": 1436,
		"action": {
			"type": "block"
		},
		"condition": {
			"urlFilter": "||bitcoin-cashcard.com^"
		},
		"priority": 1
	},
	{
		"id": 1470,
		"action": {
			"type": "block"
		},
		"condition": {
			"urlFilter": "||bmcm.pw^"
		},
		"priority": 1
	},
	{
		"id": 1491,
		"action": {
			"type": "block"
		},
		"condition": {
			"urlFilter": "||bmnr.pw^"
		},
		"priority": 1
	},
	{
		"id": 1512,
		"action": {
			"type": "block"
		},
		"condition": {
			"urlFilter": "||bmst.pw^"
		},
		"priority": 1
	},
	{
		"id": 1533,
		"action": {
			"type": "block"
		},
		"condition": {
			"urlFilter": "||brominer.com^",
			"domainType": "thirdParty"
		},
		"priority": 2
	},
	{
		"id": 1574,
		"action": {
			"type": "block"
		},
		"condition": {
			"urlFilter": "||browsermine.com^",
			"domainType": "thirdParty"
		},
		"priority": 2
	},
	{
		"id": 1618,
		"action": {
			"type": "block"
		},
		"condition": {
			"urlFilter": "||candid.zone^",
			"domainType": "thirdParty"
		},
		"priority": 2
	},
	{
		"id": 1658,
		"action": {
			"type": "block"
		},
		"condition": {
			"urlFilter": "||cashbeet.com^"
		},
		"priority": 1
	},
	{
		"id": 1684,
		"action": {
			"type": "block"
		},
		"condition": {
			"urlFilter": "||cdn.cloudcoins.co^",
			"domainType": "thirdParty"
		},
		"priority": 2
	},
	{
		"id": 1730,
		"action": {
			"type": "block"
		},
		"condition": {
			"urlFilter": "||cfcdist.gdn^",
			"domainType": "thirdParty"
		},
		"priority": 2
	},
	{
		"id": 1770,
		"action": {
			"type": "block"
		},
		"condition": {
			"urlFilter": "||clgserv.pro^",
			"domainType": "thirdParty"
		},
		"priority": 2
	},
	{
		"id": 1810,
		"action": {
			"type": "block"
		},
		"condition": {
			"urlFilter": "||cloud-miner.de^",
			"domainType": "thirdParty"
		},
		"priority": 2
	},
	{
		"id": 1853,
		"action": {
			"type": "block"
		},
		"condition": {
			"urlFilter": "||cloud-miner.eu^",
			"domainType": "thirdParty"
		},
		"priority": 2
	},
	{
		"id": 1896,
		"action": {
			"type": "block"
		},
		"condition": {
			"urlFilter": "||cloudcdn.gdn^",
			"domainType": "thirdParty"
		},
		"priority": 2
	},
	{
		"id": 1937,
		"action": {
			"type": "block"
		},
		"condition": {
			"urlFilter": "||cloudflane.com^",
			"domainType": "thirdParty"
		},
		"priority": 2
	},
	{
		"id": 1980,
		"action": {
			"type": "block"
		},
		"condition": {
			"urlFilter": "||cnhv.co^",
			"domainType": "thirdParty"
		},
		"priority": 2
	},
	{
		"id": 2016,
		"action": {
			"type": "block"
		},
		"condition": {
			"urlFilter": "||coin-have.com^",
			"domainType": "thirdParty"
		},
		"priority": 2
	},
	{
		"id": 2058,
		"action": {
			"type": "block"
		},
		"condition": {
			"urlFilter": "||coinblind.com^",
			"domainType": "thirdParty"
		},
		"priority": 2
	},
	{
		"id": 2100,
		"action": {
			"type": "block"
		},
		"condition": {
			"urlFilter": "||coinerra.com^",
			"domainType": "thirdParty"
		},
		"priority": 2
	},
	{
		"id": 2141,
		"action": {
			"type": "block"
		},
		"condition": {
			"urlFilter": "||coinimp.com",
			"domainType": "thirdParty"
		},
		"priority": 2
	},
	{
		"id": 2180,
		"action": {
			"type": "block"
		},
		"condition": {
			"urlFilter": "||coinimp.net",
			"domainType": "thirdParty"
		},
		"priority": 2
	},
	{
		"id": 2219,
		"action": {
			"type": "block"
		},
		"condition": {
			"urlFilter": "||coinnebula.com^",
			"domainType": "thirdParty"
		},
		"priority": 2
	},
	{
		"id": 2262,
		"action": {
			"type": "block"
		},
		"condition": {
			"urlFilter": "||coinpirate.cf^",
			"domainType": "thirdParty"
		},
		"priority": 2
	},
	{
		"id": 2304,
		"action": {
			"type": "block"
		},
		"condition": {
			"urlFilter": "||coinpot.co^",
			"domainType": "thirdParty"
		},
		"priority": 2
	},
	{
		"id": 2343,
		"action": {
			"type": "block"
		},
		"condition": {
			"urlFilter": "||coinrail.io^",
			"domainType": "thirdParty"
		},
		"priority": 2
	},
	{
		"id": 2383,
		"action": {
			"type": "block"
		},
		"condition": {
			"urlFilter": "||cpufan.club^",
			"domainType": "thirdParty"
		},
		"priority": 2
	},
	{
		"id": 2423,
		"action": {
			"type": "block"
		},
		"condition": {
			"urlFilter": "||cryptaloot.pro^",
			"domainType": "thirdParty"
		},
		"priority": 2
	},
	{
		"id": 2466,
		"action": {
			"type": "block"
		},
		"condition": {
			"urlFilter": "||crypto-loot.com^",
			"domainType": "thirdParty"
		},
		"priority": 2
	},
	{
		"id": 2510,
		"action": {
			"type": "block"
		},
		"condition": {
			"urlFilter": "||crypto-webminer.com^",
			"domainType": "thirdParty"
		},
		"priority": 2
	},
	{
		"id": 2558,
		"action": {
			"type": "block"
		},
		"condition": {
			"urlFilter": "||crypto.csgocpu.com^",
			"domainType": "thirdParty"
		},
		"priority": 2
	},
	{
		"id": 2605,
		"action": {
			"type": "block"
		},
		"condition": {
			"urlFilter": "||cryptobara.com^",
			"domainType": "thirdParty"
		},
		"priority": 2
	},
	{
		"id": 2648,
		"action": {
			"type": "block"
		},
		"condition": {
			"urlFilter": "||cryptoloot.pro^",
			"domainType": "thirdParty"
		},
		"priority": 2
	},
	{
		"id": 2691,
		"action": {
			"type": "block"
		},
		"condition": {
			"urlFilter": "||cryptonoter.com^",
			"domainType": "thirdParty"
		},
		"priority": 2
	},
	{
		"id": 2735,
		"action": {
			"type": "block"
		},
		"condition": {
			"urlFilter": "||datasecu.download^",
			"domainType": "thirdParty"
		},
		"priority": 2
	},
	{
		"id": 2781,
		"action": {
			"type": "block"
		},
		"condition": {
			"urlFilter": "||devphp.org.ua^",
			"domainType": "thirdParty"
		},
		"priority": 2
	},
	{
		"id": 2823,
		"action": {
			"type": "block"
		},
		"condition": {
			"urlFilter": "||dontbeevils.de^",
			"domainType": "thirdParty"
		},
		"priority": 2
	},
	{
		"id": 2866,
		"action": {
			"type": "block"
		},
		"condition": {
			"urlFilter": "||donttbeevils.de^"
		},
		"priority": 1
	},
	{
		"id": 2895,
		"action": {
			"type": "block"
		},
		"condition": {
			"urlFilter": "||easyhash.de^",
			"domainType": "thirdParty"
		},
		"priority": 2
	},
	{
		"id": 2935,
		"action": {
			"type": "block"
		},
		"condition": {
			"urlFilter": "||eth-pocket.com^",
			"domainType": "thirdParty"
		},
		"priority": 2
	},
	{
		"id": 2978,
		"action": {
			"type": "block"
		},
		"condition": {
			"urlFilter": "||eth-pocket.de^",
			"domainType": "thirdParty"
		},
		"priority": 2
	},
	{
		"id": 3020,
		"action": {
			"type": "block"
		},
		"condition": {
			"urlFilter": "||ethereum-cashcard.com^"
		},
		"priority": 1
	},
	{
		"id": 3055,
		"action": {
			"type": "block"
		},
		"condition": {
			"urlFilter": "||ethereum-pocket.com^"
		},
		"priority": 1
	},
	{
		"id": 3088,
		"action": {
			"type": "block"
		},
		"condition": {
			"urlFilter": "||eucsoft.com^",
			"domainType": "thirdParty"
		},
		"priority": 2
	},
	{
		"id": 3128,
		"action": {
			"type": "block"
		},
		"condition": {
			"urlFilter": "||evilsbedont.de^"
		},
		"priority": 1
	},
	{
		"id": 3156,
		"action": {
			"type": "block"
		},
		"condition": {
			"urlFilter": "||f1tbit.com^"
		},
		"priority": 1
	},
	{
		"id": 3180,
		"action": {
			"type": "block"
		},
		"condition": {
			"urlFilter": "||filmoljupci.com^"
		},
		"priority": 1
	},
	{
		"id": 3209,
		"action": {
			"type": "block"
		},
		"condition": {
			"urlFilter": "||flare-analytics.com^",
			"domainType": "thirdParty"
		},
		"priority": 2
	},
	{
		"id": 3257,
		"action": {
			"type": "block"
		},
		"condition": {
			"urlFilter": "||formulawire.com^",
			"domainType": "thirdParty"
		},
		"priority": 2
	},
	{
		"id": 3301,
		"action": {
			"type": "block"
		},
		"condition": {
			"urlFilter": "||g1thub.com^"
		},
		"priority": 1
	},
	{
		"id": 3325,
		"action": {
			"type": "block"
		},
		"condition": {
			"urlFilter": "||gay-hotvideo.net^"
		},
		"priority": 1
	},
	{
		"id": 3355,
		"action": {
			"type": "block"
		},
		"condition": {
			"urlFilter": "||go.bestmobiworld.com^",
			"domainType": "thirdParty"
		},
		"priority": 2
	},
	{
		"id": 3404,
		"action": {
			"type": "block"
		},
		"condition": {
			"urlFilter": "||go.fastspot.io^",
			"domainType": "thirdParty"
		},
		"priority": 2
	},
	{
		"id": 3447,
		"action": {
			"type": "block"
		},
		"condition": {
			"urlFilter": "||go.megabanners.cf^",
			"domainType": "thirdParty"
		},
		"priority": 2
	},
	{
		"id": 3493,
		"action": {
			"type": "block"
		},
		"condition": {
			"urlFilter": "||go.megabanners.cf^",
			"resourceTypes": [
				"websocket"
			]
		},
		"priority": 101
	},
	{
		"id": 3539,
		"action": {
			"type": "block"
		},
		"condition": {
			"urlFilter": "||gridiogrid.com^",
			"domainType": "thirdParty"
		},
		"priority": 2
	},
	{
		"id": 3582,
		"action": {
			"type": "block"
		},
		"condition": {
			"urlFilter": "||gxbrowser.net^"
		},
		"priority": 1
	},
	{
		"id": 3609,
		"action": {
			"type": "block"
		},
		"condition": {
			"urlFilter": "||hemnes.win^",
			"domainType": "thirdParty"
		},
		"priority": 2
	},
	{
		"id": 3648,
		"action": {
			"type": "block"
		},
		"condition": {
			"urlFilter": "||herominers.com^",
			"domainType": "thirdParty"
		},
		"priority": 2
	},
	{
		"id": 3691,
		"action": {
			"type": "block"
		},
		"condition": {
			"urlFilter": "||icemining.ca^",
			"domainType": "thirdParty"
		},
		"priority": 2
	},
	{
		"id": 3732,
		"action": {
			"type": "block"
		},
		"condition": {
			"urlFilter": "||igrid.org^"
		},
		"priority": 1
	},
	{
		"id": 3755,
		"action": {
			"type": "block"
		},
		"condition": {
			"urlFilter": "||ijfcm7bu6ocerxsfq56ka3dtdanunyp4ytwk745b54agtravj2wr2qqd.onion.pet^"
		},
		"priority": 1
	},
	{
		"id": 3835,
		"action": {
			"type": "block"
		},
		"condition": {
			"urlFilter": "||intelserviceupdate.com^"
		},
		"priority": 1
	},
	{
		"id": 3871,
		"action": {
			"type": "block"
		},
		"condition": {
			"urlFilter": "||jqwww.download^",
			"domainType": "thirdParty"
		},
		"priority": 2
	},
	{
		"id": 3914,
		"action": {
			"type": "block"
		},
		"condition": {
			"urlFilter": "||jscdndel.com^",
			"domainType": "thirdParty"
		},
		"priority": 2
	},
	{
		"id": 3955,
		"action": {
			"type": "block"
		},
		"condition": {
			"urlFilter": "||jscoinminer.com^",
			"domainType": "thirdParty"
		},
		"priority": 2
	},
	{
		"id": 3999,
		"action": {
			"type": "block"
		},
		"condition": {
			"urlFilter": "||jsecoin.com^",
			"domainType": "thirdParty"
		},
		"priority": 2
	},
	{
		"id": 4039,
		"action": {
			"type": "block"
		},
		"condition": {
			"urlFilter": "||laserveradedomaina.com^",
			"domainType": "thirdParty"
		},
		"priority": 2
	},
	{
		"id": 4090,
		"action": {
			"type": "block"
		},
		"condition": {
			"urlFilter": "||lightminer.co^",
			"domainType": "thirdParty"
		},
		"priority": 2
	},
	{
		"id": 4132,
		"action": {
			"type": "block"
		},
		"condition": {
			"urlFilter": "||losital.ru^",
			"domainType": "thirdParty"
		},
		"priority": 2
	},
	{
		"id": 4171,
		"action": {
			"type": "block"
		},
		"condition": {
			"urlFilter": "||machieved.com^",
			"domainType": "thirdParty"
		},
		"priority": 2
	},
	{
		"id": 4213,
		"action": {
			"type": "block"
		},
		"condition": {
			"urlFilter": "||mail.ghmproperties.com^"
		},
		"priority": 1
	},
	{
		"id": 4249,
		"action": {
			"type": "block"
		},
		"condition": {
			"urlFilter": "||mail.itseasy.com^"
		},
		"priority": 1
	},
	{
		"id": 4279,
		"action": {
			"type": "block"
		},
		"condition": {
			"urlFilter": "||mail.shaferglazer.com^"
		},
		"priority": 1
	},
	{
		"id": 4314,
		"action": {
			"type": "block"
		},
		"condition": {
			"urlFilter": "||mail.techniservinc.com^"
		},
		"priority": 1
	},
	{
		"id": 4350,
		"action": {
			"type": "block"
		},
		"condition": {
			"urlFilter": "||mepirtedic.com^",
			"domainType": "thirdParty"
		},
		"priority": 2
	},
	{
		"id": 4393,
		"action": {
			"type": "block"
		},
		"condition": {
			"urlFilter": "||mi-de-ner-nis3.info^"
		},
		"priority": 1
	},
	{
		"id": 4426,
		"action": {
			"type": "block"
		},
		"condition": {
			"urlFilter": "||mine.blank.drawpad.org^",
			"domainType": "thirdParty"
		},
		"priority": 2
	},
	{
		"id": 4477,
		"action": {
			"type": "block"
		},
		"condition": {
			"urlFilter": "||mine.terorie.com^",
			"domainType": "thirdParty"
		},
		"priority": 2
	},
	{
		"id": 4522,
		"action": {
			"type": "block"
		},
		"condition": {
			"urlFilter": "||minemytraffic.com^",
			"domainType": "thirdParty"
		},
		"priority": 2
	},
	{
		"id": 4568,
		"action": {
			"type": "block"
		},
		"condition": {
			"urlFilter": "||miner.nimiq.com^",
			"domainType": "thirdParty"
		},
		"priority": 2
	},
	{
		"id": 4612,
		"action": {
			"type": "block"
		},
		"condition": {
			"urlFilter": "||minerad.com^"
		},
		"priority": 1
	},
	{
		"id": 4637,
		"action": {
			"type": "block"
		},
		"condition": {
			"urlFilter": "||minero-proxy-*.now.sh^",
			"domainType": "thirdParty"
		},
		"priority": 2
	},
	{
		"id": 4687,
		"action": {
			"type": "block"
		},
		"condition": {
			"urlFilter": "||mining.best^",
			"domainType": "thirdParty"
		},
		"priority": 2
	},
	{
		"id": 4727,
		"action": {
			"type": "block"
		},
		"condition": {
			"urlFilter": "||monerominer.rocks^",
			"domainType": "thirdParty"
		},
		"priority": 2
	},
	{
		"id": 4773,
		"action": {
			"type": "block"
		},
		"condition": {
			"urlFilter": "||mutuza.win^",
			"domainType": "thirdParty"
		},
		"priority": 2
	},
	{
		"id": 4812,
		"action": {
			"type": "block"
		},
		"condition": {
			"urlFilter": "||my.domain^",
			"domainType": "thirdParty"
		},
		"priority": 2
	},
	{
		"id": 4850,
		"action": {
			"type": "block"
		},
		"condition": {
			"urlFilter": "||nablabee.com^",
			"domainType": "thirdParty"
		},
		"priority": 2
	},
	{
		"id": 4891,
		"action": {
			"type": "block"
		},
		"condition": {
			"urlFilter": "||nametraff.com^",
			"domainType": "thirdParty"
		},
		"priority": 2
	},
	{
		"id": 4933,
		"action": {
			"type": "block"
		},
		"condition": {
			"urlFilter": "||nerohut.com^",
			"domainType": "thirdParty"
		},
		"priority": 2
	},
	{
		"id": 4973,
		"action": {
			"type": "block"
		},
		"condition": {
			"urlFilter": "||netflare.info^",
			"domainType": "thirdParty"
		},
		"priority": 2
	},
	{
		"id": 5015,
		"action": {
			"type": "block"
		},
		"condition": {
			"urlFilter": "||nfwebminer.com^",
			"domainType": "thirdParty"
		},
		"priority": 2
	},
	{
		"id": 5058,
		"action": {
			"type": "block"
		},
		"condition": {
			"urlFilter": "||nim.sh^",
			"domainType": "thirdParty"
		},
		"priority": 2
	},
	{
		"id": 5093,
		"action": {
			"type": "block"
		},
		"condition": {
			"urlFilter": "||nimiq.agency^",
			"domainType": "thirdParty"
		},
		"priority": 2
	},
	{
		"id": 5134,
		"action": {
			"type": "block"
		},
		"condition": {
			"urlFilter": "||nimiq.jp^",
			"domainType": "thirdParty"
		},
		"priority": 2
	},
	{
		"id": 5171,
		"action": {
			"type": "block"
		},
		"condition": {
			"urlFilter": "||nimiq.network^",
			"domainType": "thirdParty"
		},
		"priority": 2
	},
	{
		"id": 5213,
		"action": {
			"type": "block"
		},
		"condition": {
			"urlFilter": "||nimiq.surf^",
			"domainType": "thirdParty"
		},
		"priority": 2
	},
	{
		"id": 5252,
		"action": {
			"type": "block"
		},
		"condition": {
			"urlFilter": "||nimiq.terorie.com^",
			"domainType": "thirdParty"
		},
		"priority": 2
	},
	{
		"id": 5298,
		"action": {
			"type": "block"
		},
		"condition": {
			"urlFilter": "||nimiq.watch^",
			"domainType": "thirdParty"
		},
		"priority": 2
	},
	{
		"id": 5338,
		"action": {
			"type": "block"
		},
		"condition": {
			"urlFilter": "||nimiqchina.com^",
			"domainType": "thirdParty"
		},
		"priority": 2
	},
	{
		"id": 5381,
		"action": {
			"type": "block"
		},
		"condition": {
			"urlFilter": "||nimiqpool.com^",
			"domainType": "thirdParty"
		},
		"priority": 2
	},
	{
		"id": 5423,
		"action": {
			"type": "block"
		},
		"condition": {
			"urlFilter": "||nitrokod.com^"
		},
		"priority": 1
	},
	{
		"id": 5449,
		"action": {
			"type": "block"
		},
		"condition": {
			"urlFilter": "||notmining.org^",
			"domainType": "thirdParty"
		},
		"priority": 2
	},
	{
		"id": 5491,
		"action": {
			"type": "block"
		},
		"condition": {
			"urlFilter": "||offerreality.com^",
			"domainType": "thirdParty"
		},
		"priority": 2
	},
	{
		"id": 5536,
		"action": {
			"type": "block"
		},
		"condition": {
			"urlFilter": "||ogrid.org^",
			"domainType": "thirdParty"
		},
		"priority": 2
	},
	{
		"id": 5574,
		"action": {
			"type": "block"
		},
		"condition": {
			"urlFilter": "||pampopholf.com^"
		},
		"priority": 1
	},
	{
		"id": 5602,
		"action": {
			"type": "block"
		},
		"condition": {
			"urlFilter": "||papoto.com^",
			"domainType": "thirdParty"
		},
		"priority": 2
	},
	{
		"id": 5641,
		"action": {
			"type": "block"
		},
		"condition": {
			"urlFilter": "||party-vqgdyvoycc.now.sh^",
			"domainType": "thirdParty"
		},
		"priority": 2
	},
	{
		"id": 5693,
		"action": {
			"type": "block"
		},
		"condition": {
			"urlFilter": "||pertholin.com^",
			"domainType": "thirdParty"
		},
		"priority": 2
	},
	{
		"id": 5735,
		"action": {
			"type": "block"
		},
		"condition": {
			"urlFilter": "||premiumstats.xyz^",
			"domainType": "thirdParty"
		},
		"priority": 2
	},
	{
		"id": 5780,
		"action": {
			"type": "block"
		},
		"condition": {
			"urlFilter": "||pr0gram.org^",
			"domainType": "thirdParty"
		},
		"priority": 2
	},
	{
		"id": 5820,
		"action": {
			"type": "block"
		},
		"condition": {
			"urlFilter": "||pzoifaum.info^",
			"domainType": "thirdParty"
		},
		"priority": 2
	},
	{
		"id": 5862,
		"action": {
			"type": "block"
		},
		"condition": {
			"urlFilter": "||reauthenticator.com^"
		},
		"priority": 1
	},
	{
		"id": 5895,
		"action": {
			"type": "block"
		},
		"condition": {
			"urlFilter": "||roastedvolt.net^",
			"domainType": "thirdParty"
		},
		"priority": 2
	},
	{
		"id": 5939,
		"action": {
			"type": "block"
		},
		"condition": {
			"urlFilter": "||rocks.io^",
			"domainType": "thirdParty"
		},
		"priority": 2
	},
	{
		"id": 5976,
		"action": {
			"type": "block"
		},
		"condition": {
			"urlFilter": "||scaleway.ovh^"
		},
		"priority": 1
	},
	{
		"id": 6002,
		"action": {
			"type": "block"
		},
		"condition": {
			"urlFilter": "||seed-*.nimiq-network.com^",
			"domainType": "thirdParty"
		},
		"priority": 2
	},
	{
		"id": 6055,
		"action": {
			"type": "block"
		},
		"condition": {
			"urlFilter": "||seed-*.nimiq.com^",
			"domainType": "thirdParty"
		},
		"priority": 2
	},
	{
		"id": 6100,
		"action": {
			"type": "block"
		},
		"condition": {
			"urlFilter": "||seed-*.nimiq.network^",
			"domainType": "thirdParty"
		},
		"priority": 2
	},
	{
		"id": 6149,
		"action": {
			"type": "block"
		},
		"condition": {
			"urlFilter": "||serie-vostfr.com^",
			"domainType": "thirdParty"
		},
		"priority": 2
	},
	{
		"id": 6194,
		"action": {
			"type": "block"
		},
		"condition": {
			"urlFilter": "||serv1swork.com^"
		},
		"priority": 1
	},
	{
		"id": 6222,
		"action": {
			"type": "block"
		},
		"condition": {
			"urlFilter": "||silimbompom.com^",
			"domainType": "thirdParty"
		},
		"priority": 2
	},
	{
		"id": 6266,
		"action": {
			"type": "block"
		},
		"condition": {
			"urlFilter": "||sourcecode.pro^"
		},
		"priority": 1
	},
	{
		"id": 6294,
		"action": {
			"type": "block"
		},
		"condition": {
			"urlFilter": "||spacepools.org^",
			"domainType": "thirdParty"
		},
		"priority": 2
	},
	{
		"id": 6337,
		"action": {
			"type": "block"
		},
		"condition": {
			"urlFilter": "||sparechange.io^",
			"domainType": "thirdParty"
		},
		"priority": 2
	},
	{
		"id": 6380,
		"action": {
			"type": "block"
		},
		"condition": {
			"urlFilter": "||srcip.com^",
			"domainType": "thirdParty"
		},
		"priority": 2
	},
	{
		"id": 6418,
		"action": {
			"type": "block"
		},
		"condition": {
			"urlFilter": "||srcips.com^",
			"domainType": "thirdParty"
		},
		"priority": 2
	},
	{
		"id": 6457,
		"action": {
			"type": "block"
		},
		"condition": {
			"urlFilter": "||statdynamic.com^",
			"domainType": "thirdParty"
		},
		"priority": 2
	},
	{
		"id": 6501,
		"action": {
			"type": "block"
		},
		"condition": {
			"urlFilter": "||statistic.date^",
			"domainType": "thirdParty"
		},
		"priority": 2
	},
	{
		"id": 6544,
		"action": {
			"type": "block"
		},
		"condition": {
			"urlFilter": "||stonecalcom.com^",
			"domainType": "thirdParty"
		},
		"priority": 2
	},
	{
		"id": 6588,
		"action": {
			"type": "block"
		},
		"condition": {
			"urlFilter": "||str1kee.com^"
		},
		"priority": 1
	},
	{
		"id": 6613,
		"action": {
			"type": "block"
		},
		"condition": {
			"urlFilter": "||sunnimiq.cf^",
			"domainType": "thirdParty"
		},
		"priority": 2
	},
	{
		"id": 6653,
		"action": {
			"type": "block"
		},
		"condition": {
			"urlFilter": "||swiftmining.win^",
			"domainType": "thirdParty"
		},
		"priority": 2
	},
	{
		"id": 6697,
		"action": {
			"type": "block"
		},
		"condition": {
			"urlFilter": "||tercabilis.info^"
		},
		"priority": 1
	},
	{
		"id": 6726,
		"action": {
			"type": "block"
		},
		"condition": {
			"urlFilter": "||thewhizmarketing.com^",
			"domainType": "thirdParty"
		},
		"priority": 2
	},
	{
		"id": 6775,
		"action": {
			"type": "block"
		},
		"condition": {
			"urlFilter": "||thewhizproducts.com^",
			"domainType": "thirdParty"
		},
		"priority": 2
	},
	{
		"id": 6823,
		"action": {
			"type": "block"
		},
		"condition": {
			"urlFilter": "||thewise.com^",
			"domainType": "thirdParty"
		},
		"priority": 2
	},
	{
		"id": 6863,
		"action": {
			"type": "block"
		},
		"condition": {
			"urlFilter": "||traffic.tc-clicks.com^",
			"domainType": "thirdParty"
		},
		"priority": 2
	},
	{
		"id": 6913,
		"action": {
			"type": "block"
		},
		"condition": {
			"urlFilter": "||trustaproiam.de^"
		},
		"priority": 1
	},
	{
		"id": 6942,
		"action": {
			"type": "block"
		},
		"condition": {
			"urlFilter": "||trusteverything.de^"
		},
		"priority": 1
	},
	{
		"id": 6974,
		"action": {
			"type": "block"
		},
		"condition": {
			"urlFilter": "||trustiseverything.de^",
			"domainType": "thirdParty"
		},
		"priority": 2
	},
	{
		"id": 7023,
		"action": {
			"type": "block"
		},
		"condition": {
			"urlFilter": "||tulip18.com^",
			"domainType": "thirdParty"
		},
		"priority": 2
	},
	{
		"id": 7063,
		"action": {
			"type": "block"
		},
		"condition": {
			"urlFilter": "||verifier.live^"
		},
		"priority": 1
	},
	{
		"id": 7090,
		"action": {
			"type": "block"
		},
		"condition": {
			"urlFilter": "||vkcdnservice.com^",
			"domainType": "thirdParty"
		},
		"priority": 2
	},
	{
		"id": 7135,
		"action": {
			"type": "block"
		},
		"condition": {
			"urlFilter": "||vuryua.ru^",
			"domainType": "thirdParty"
		},
		"priority": 2
	},
	{
		"id": 7173,
		"action": {
			"type": "block"
		},
		"condition": {
			"urlFilter": "||webapi.salamantex.com^",
			"domainType": "thirdParty"
		},
		"priority": 2
	},
	{
		"id": 7223,
		"action": {
			"type": "block"
		},
		"condition": {
			"urlFilter": "||webapi.staging.salamantex.com^",
			"domainType": "thirdParty"
		},
		"priority": 2
	},
	{
		"id": 7281,
		"action": {
			"type": "block"
		},
		"condition": {
			"urlFilter": "||webmine.cz^",
			"domainType": "thirdParty"
		},
		"priority": 2
	},
	{
		"id": 7320,
		"action": {
			"type": "block"
		},
		"condition": {
			"urlFilter": "||webmine.pro^",
			"domainType": "thirdParty"
		},
		"priority": 2
	},
	{
		"id": 7360,
		"action": {
			"type": "block"
		},
		"condition": {
			"urlFilter": "||webminepool.com^",
			"domainType": "thirdParty"
		},
		"priority": 2
	},
	{
		"id": 7404,
		"action": {
			"type": "block"
		},
		"condition": {
			"urlFilter": "||webminerpool.com^",
			"domainType": "thirdParty"
		},
		"priority": 2
	},
	{
		"id": 7449,
		"action": {
			"type": "block"
		},
		"condition": {
			"urlFilter": "||webmining.co^",
			"domainType": "thirdParty"
		},
		"priority": 2
	},
	{
		"id": 7490,
		"action": {
			"type": "block"
		},
		"condition": {
			"urlFilter": "||webxmr.com^",
			"domainType": "thirdParty"
		},
		"priority": 2
	},
	{
		"id": 7529,
		"action": {
			"type": "block"
		},
		"condition": {
			"urlFilter": "||wordc.ga^"
		},
		"priority": 1
	},
	{
		"id": 7551,
		"action": {
			"type": "block"
		},
		"condition": {
			"urlFilter": "||wtm.monitoringservice.co^",
			"domainType": "thirdParty"
		},
		"priority": 2
	},
	{
		"id": 7604,
		"action": {
			"type": "block"
		},
		"condition": {
			"urlFilter": "||xmr.cool^",
			"domainType": "thirdParty"
		},
		"priority": 2
	},
	{
		"id": 7641,
		"action": {
			"type": "block"
		},
		"condition": {
			"urlFilter": "||zlx.com.br^",
			"domainType": "thirdParty"
		},
		"priority": 2
	},
	{
		"id": 7680,
		"action": {
			"type": "block"
		},
		"condition": {
			"urlFilter": "||freecontent.date"
		},
		"priority": 1
	},
	{
		"id": 7709,
		"action": {
			"type": "block"
		},
		"condition": {
			"urlFilter": "||freecontent.live"
		},
		"priority": 1
	},
	{
		"id": 7738,
		"action": {
			"type": "block"
		},
		"condition": {
			"urlFilter": "||freecontent.stream"
		},
		"priority": 1
	},
	{
		"id": 7769,
		"action": {
			"type": "block"
		},
		"condition": {
			"urlFilter": "||hostcontent.live"
		},
		"priority": 1
	},
	{
		"id": 7798,
		"action": {
			"type": "block"
		},
		"condition": {
			"urlFilter": "||hostingcloud.party"
		},
		"priority": 1
	},
	{
		"id": 7829,
		"action": {
			"type": "block"
		},
		"condition": {
			"urlFilter": "||hostingcloud.racing"
		},
		"priority": 1
	},
	{
		"id": 7861,
		"action": {
			"type": "block"
		},
		"condition": {
			"urlFilter": "||wasm.stream"
		},
		"priority": 1
	},
	{
		"id": 7885,
		"action": {
			"type": "block"
		},
		"condition": {
			"urlFilter": "||flightsy.win"
		},
		"priority": 1
	},
	{
		"id": 7910,
		"action": {
			"type": "block"
		},
		"condition": {
			"urlFilter": "||flightzy.date"
		},
		"priority": 1
	},
	{
		"id": 7936,
		"action": {
			"type": "block"
		},
		"condition": {
			"urlFilter": "||hashing.win"
		},
		"priority": 1
	},
	{
		"id": 7960,
		"action": {
			"type": "block"
		},
		"condition": {
			"urlFilter": "||webassembly.stream"
		},
		"priority": 1
	},
	{
		"id": 7991,
		"action": {
			"type": "block"
		},
		"condition": {
			"urlFilter": "-coin-hive.js"
		},
		"priority": 1
	},
	{
		"id": 8015,
		"action": {
			"type": "block"
		},
		"condition": {
			"urlFilter": "-crypto-miner/*"
		},
		"priority": 1
	},
	{
		"id": 8041,
		"action": {
			"type": "block"
		},
		"condition": {
			"urlFilter": "-monero-miner-"
		},
		"priority": 1
	},
	{
		"id": 8066,
		"action": {
			"type": "block"
		},
		"condition": {
			"urlFilter": "-monero-miner.",
			"excludedInitiatorDomains": [
				"wp-monero-miner.com"
			]
		},
		"priority": 2
	},
	{
		"id": 8131,
		"action": {
			"type": "block"
		},
		"condition": {
			"urlFilter": "-monero-miner/*"
		},
		"priority": 1
	},
	{
		"id": 8157,
		"action": {
			"type": "block"
		},
		"condition": {
			"urlFilter": "/authedmine.",
			"excludedInitiatorDomains": [
				"authedmine.com",
				"authedmine.eu"
			],
			"resourceTypes": [
				"script"
			]
		},
		"priority": 102
	},
	{
		"id": 8239,
		"action": {
			"type": "block"
		},
		"condition": {
			"urlFilter": "/authedminer.js"
		},
		"priority": 1
	},
	{
		"id": 8265,
		"action": {
			"type": "block"
		},
		"condition": {
			"urlFilter": "/bitcoin-plus-miner/*"
		},
		"priority": 1
	},
	{
		"id": 8297,
		"action": {
			"type": "block"
		},
		"condition": {
			"urlFilter": "/bitcoincore/?ref="
		},
		"priority": 1
	},
	{
		"id": 8326,
		"action": {
			"type": "block"
		},
		"condition": {
			"urlFilter": "/bootstrap.wasm",
			"domainType": "thirdParty"
		},
		"priority": 2
	},
	{
		"id": 8367,
		"action": {
			"type": "block"
		},
		"condition": {
			"urlFilter": "/bootstrap.wasm",
			"resourceTypes": [
				"xmlhttprequest"
			]
		},
		"priority": 101
	},
	{
		"id": 8408,
		"action": {
			"type": "block"
		},
		"condition": {
			"urlFilter": "/browsermine.js"
		},
		"priority": 1
	},
	{
		"id": 8434,
		"action": {
			"type": "block"
		},
		"condition": {
			"urlFilter": "/c-hive.js"
		},
		"priority": 1
	},
	{
		"id": 8455,
		"action": {
			"type": "block"
		},
		"condition": {
			"urlFilter": "/c.wasm"
		},
		"priority": 1
	},
	{
		"id": 8473,
		"action": {
			"type": "block"
		},
		"condition": {
			"urlFilter": "/cloudcoins.js"
		},
		"priority": 1
	},
	{
		"id": 8498,
		"action": {
			"type": "block"
		},
		"condition": {
			"urlFilter": "/cloudcoins.min.js"
		},
		"priority": 1
	},
	{
		"id": 8527,
		"action": {
			"type": "block"
		},
		"condition": {
			"urlFilter": "/cn.wasm",
			"domainType": "thirdParty"
		},
		"priority": 2
	},
	{
		"id": 8561,
		"action": {
			"type": "block"
		},
		"condition": {
			"urlFilter": "/coin-hive-proxy-"
		},
		"priority": 1
	},
	{
		"id": 8589,
		"action": {
			"type": "block"
		},
		"condition": {
			"urlFilter": "/coinblind.js"
		},
		"priority": 1
	},
	{
		"id": 8613,
		"action": {
			"type": "block"
		},
		"condition": {
			"urlFilter": "/coinblind_beta."
		},
		"priority": 1
	},
	{
		"id": 8640,
		"action": {
			"type": "block"
		},
		"condition": {
			"urlFilter": "/coinGofile."
		},
		"priority": 1
	},
	{
		"id": 8663,
		"action": {
			"type": "block"
		},
		"condition": {
			"urlFilter": "/coinhive-proxy-"
		},
		"priority": 1
	},
	{
		"id": 8690,
		"action": {
			"type": "block"
		},
		"condition": {
			"urlFilter": "/coinhive.min.js"
		},
		"priority": 1
	},
	{
		"id": 8717,
		"action": {
			"type": "block"
		},
		"condition": {
			"urlFilter": "/coinlab.js"
		},
		"priority": 1
	},
	{
		"id": 8739,
		"action": {
			"type": "block"
		},
		"condition": {
			"urlFilter": "/compact_miner?"
		},
		"priority": 1
	},
	{
		"id": 8765,
		"action": {
			"type": "block"
		},
		"condition": {
			"urlFilter": "/crn.wasm"
		},
		"priority": 1
	},
	{
		"id": 8785,
		"action": {
			"type": "block"
		},
		"condition": {
			"urlFilter": "/crypta.js"
		},
		"priority": 1
	},
	{
		"id": 8806,
		"action": {
			"type": "block"
		},
		"condition": {
			"urlFilter": "/crypto-webminer.",
			"excludedInitiatorDomains": [
				"crypto-webminer.com"
			]
		},
		"priority": 2
	},
	{
		"id": 8874,
		"action": {
			"type": "block"
		},
		"condition": {
			"urlFilter": "/cryptocpu.js"
		},
		"priority": 1
	},
	{
		"id": 8898,
		"action": {
			"type": "block"
		},
		"condition": {
			"urlFilter": "/cryptonight-worker."
		},
		"priority": 1
	},
	{
		"id": 8929,
		"action": {
			"type": "block"
		},
		"condition": {
			"urlFilter": "/cryptonight.wasm"
		},
		"priority": 1
	},
	{
		"id": 8957,
		"action": {
			"type": "block"
		},
		"condition": {
			"urlFilter": "/cryptonoter."
		},
		"priority": 1
	},
	{
		"id": 8981,
		"action": {
			"type": "block"
		},
		"condition": {
			"urlFilter": "/deepMiner.js"
		},
		"priority": 1
	},
	{
		"id": 9005,
		"action": {
			"type": "block"
		},
		"condition": {
			"urlFilter": "/deepMiner.min.js"
		},
		"priority": 1
	},
	{
		"id": 9033,
		"action": {
			"type": "block"
		},
		"condition": {
			"urlFilter": "/dprocessor.js"
		},
		"priority": 1
	},
	{
		"id": 9058,
		"action": {
			"type": "block"
		},
		"condition": {
			"urlFilter": "/hash.wasm"
		},
		"priority": 1
	},
	{
		"id": 9079,
		"action": {
			"type": "block"
		},
		"condition": {
			"urlFilter": "/helper.wasm",
			"domainType": "thirdParty"
		},
		"priority": 2
	},
	{
		"id": 9117,
		"action": {
			"type": "block"
		},
		"condition": {
			"urlFilter": "/inject.js?key=",
			"resourceTypes": [
				"script"
			]
		},
		"priority": 101
	},
	{
		"id": 9158,
		"action": {
			"type": "block"
		},
		"condition": {
			"urlFilter": "/jsecoin.*/?"
		},
		"priority": 1
	},
	{
		"id": 9181,
		"action": {
			"type": "block"
		},
		"condition": {
			"urlFilter": "/lhnhelpouttab-current.min.js"
		},
		"priority": 1
	},
	{
		"id": 9221,
		"action": {
			"type": "block"
		},
		"condition": {
			"urlFilter": "/lib/crlt.js",
			"domainType": "thirdParty",
			"resourceTypes": [
				"script"
			]
		},
		"priority": 102
	},
	{
		"id": 9268,
		"action": {
			"type": "block"
		},
		"condition": {
			"urlFilter": "/media/miner."
		},
		"priority": 1
	},
	{
		"id": 9292,
		"action": {
			"type": "block"
		},
		"condition": {
			"urlFilter": "/mine/bitcoincore/*"
		},
		"priority": 1
	},
	{
		"id": 9322,
		"action": {
			"type": "block"
		},
		"condition": {
			"urlFilter": "/miner_proxy"
		},
		"priority": 1
	},
	{
		"id": 9345,
		"action": {
			"type": "block"
		},
		"condition": {
			"urlFilter": "/miner-ui.js"
		},
		"priority": 1
	},
	{
		"id": 9368,
		"action": {
			"type": "block"
		},
		"condition": {
			"urlFilter": "/miner.*/crypto-"
		},
		"priority": 1
	},
	{
		"id": 9395,
		"action": {
			"type": "block"
		},
		"condition": {
			"urlFilter": "/miner.*/loader."
		},
		"priority": 1
	},
	{
		"id": 9422,
		"action": {
			"type": "block"
		},
		"condition": {
			"urlFilter": "/miner.full.js"
		},
		"priority": 1
	},
	{
		"id": 9447,
		"action": {
			"type": "block"
		},
		"condition": {
			"urlFilter": "/miner.js"
		},
		"priority": 1
	},
	{
		"id": 9467,
		"action": {
			"type": "block"
		},
		"condition": {
			"urlFilter": "/miner.min.js"
		},
		"priority": 1
	},
	{
		"id": 9491,
		"action": {
			"type": "block"
		},
		"condition": {
			"urlFilter": "/miner?key="
		},
		"priority": 1
	},
	{
		"id": 9513,
		"action": {
			"type": "block"
		},
		"condition": {
			"urlFilter": "/minera.js"
		},
		"priority": 1
	},
	{
		"id": 9534,
		"action": {
			"type": "block"
		},
		"condition": {
			"urlFilter": "/minero-proxy-"
		},
		"priority": 1
	},
	{
		"id": 9559,
		"action": {
			"type": "block"
		},
		"condition": {
			"urlFilter": "/minescripts.js"
		},
		"priority": 1
	},
	{
		"id": 9585,
		"action": {
			"type": "block"
		},
		"condition": {
			"urlFilter": "/nano.wasm"
		},
		"priority": 1
	},
	{
		"id": 9606,
		"action": {
			"type": "block"
		},
		"condition": {
			"urlFilter": "/noblock.js"
		},
		"priority": 1
	},
	{
		"id": 9628,
		"action": {
			"type": "block"
		},
		"condition": {
			"urlFilter": "/obfus.min.js"
		},
		"priority": 1
	},
	{
		"id": 9652,
		"action": {
			"type": "block"
		},
		"condition": {
			"urlFilter": "/projectpoi.min.js"
		},
		"priority": 1
	},
	{
		"id": 9681,
		"action": {
			"type": "block"
		},
		"condition": {
			"urlFilter": "/poolstatus?"
		},
		"priority": 1
	},
	{
		"id": 9704,
		"action": {
			"type": "block"
		},
		"condition": {
			"urlFilter": "/safelinkconverter.js"
		},
		"priority": 1
	},
	{
		"id": 9736,
		"action": {
			"type": "block"
		},
		"condition": {
			"urlFilter": "/script_cry.js"
		},
		"priority": 1
	},
	{
		"id": 9761,
		"action": {
			"type": "block"
		},
		"condition": {
			"urlFilter": "/web_miner/*"
		},
		"priority": 1
	},
	{
		"id": 9784,
		"action": {
			"type": "block"
		},
		"condition": {
			"urlFilter": "/webcoin.js"
		},
		"priority": 1
	},
	{
		"id": 9806,
		"action": {
			"type": "block"
		},
		"condition": {
			"urlFilter": "/webcoin.min.js"
		},
		"priority": 1
	},
	{
		"id": 9832,
		"action": {
			"type": "block"
		},
		"condition": {
			"urlFilter": "/webmr.js"
		},
		"priority": 1
	},
	{
		"id": 9852,
		"action": {
			"type": "block"
		},
		"condition": {
			"urlFilter": "/webxmr.js"
		},
		"priority": 1
	},
	{
		"id": 9873,
		"action": {
			"type": "block"
		},
		"condition": {
			"urlFilter": "/wproxy",
			"domainType": "firstParty",
			"resourceTypes": [
				"websocket"
			]
		},
		"priority": 102
	},
	{
		"id": 9915,
		"action": {
			"type": "block"
		},
		"condition": {
			"urlFilter": "/xminer.js"
		},
		"priority": 1
	},
	{
		"id": 9936,
		"action": {
			"type": "block"
		},
		"condition": {
			"urlFilter": "/xminer.min.js"
		},
		"priority": 1
	},
	{
		"id": 9961,
		"action": {
			"type": "block"
		},
		"condition": {
			"urlFilter": "/xmr-monero.js"
		},
		"priority": 1
	},
	{
		"id": 9986,
		"action": {
			"type": "block"
		},
		"condition": {
			"urlFilter": "/xmr.js"
		},
		"priority": 1
	},
	{
		"id": 10004,
		"action": {
			"type": "block"
		},
		"condition": {
			"urlFilter": "/xmr.min.js"
		},
		"priority": 1
	},
	{
		"id": 10026,
		"action": {
			"type": "block"
		},
		"condition": {
			"urlFilter": "?*.spacepools."
		},
		"priority": 1
	},
	{
		"id": 10051,
		"action": {
			"type": "block"
		},
		"condition": {
			"urlFilter": ".spacepools.*:"
		},
		"priority": 1
	},
	{
		"id": 10076,
		"action": {
			"type": "block"
		},
		"condition": {
			"urlFilter": ".aspx?poolid="
		},
		"priority": 1
	},
	{
		"id": 10100,
		"action": {
			"type": "block"
		},
		"condition": {
			"urlFilter": ".cfm?poolid="
		},
		"priority": 1
	},
	{
		"id": 10123,
		"action": {
			"type": "block"
		},
		"condition": {
			"urlFilter": "=ws://*?pool="
		},
		"priority": 1
	},
	{
		"id": 10147,
		"action": {
			"type": "block"
		},
		"condition": {
			"urlFilter": "=ws://*?pools="
		},
		"priority": 1
	},
	{
		"id": 10172,
		"action": {
			"type": "block"
		},
		"condition": {
			"urlFilter": "=wss://*?pool="
		},
		"priority": 1
	},
	{
		"id": 10197,
		"action": {
			"type": "block"
		},
		"condition": {
			"urlFilter": "=wss://*?pools="
		},
		"priority": 1
	},
	{
		"id": 10223,
		"action": {
			"type": "block"
		},
		"condition": {
			"urlFilter": "?proxy=*?pool="
		},
		"priority": 1
	},
	{
		"id": 10248,
		"action": {
			"type": "block"
		},
		"condition": {
			"urlFilter": "?proxy=*?pools="
		},
		"priority": 1
	},
	{
		"id": 10274,
		"action": {
			"type": "block"
		},
		"condition": {
			"urlFilter": "?proxy=ws://",
			"resourceTypes": [
				"script",
				"websocket"
			]
		},
		"priority": 76
	},
	{
		"id": 10321,
		"action": {
			"type": "block"
		},
		"condition": {
			"urlFilter": "?proxy=wss://",
			"resourceTypes": [
				"script",
				"websocket"
			]
		},
		"priority": 76
	},
	{
		"id": 11190,
		"action": {
			"type": "block"
		},
		"condition": {
			"urlFilter": ".info^",
			"initiatorDomains": [
				"sleeptimer.org"
			]
		},
		"priority": 201
	},
	{
		"id": 11241,
		"action": {
			"type": "block"
		},
		"condition": {
			"urlFilter": ".website/lib/*.wasm",
			"domainType": "thirdParty",
			"resourceTypes": [
				"xmlhttprequest"
			]
		},
		"priority": 102
	},
	{
		"id": 13631,
		"action": {
			"type": "block"
		},
		"condition": {
			"initiatorDomains": [
				"123telugu.com",
				"300mbfilms.co",
				"ajplugins.com",
				"animeteatr.ru",
				"arnaques-internet.info",
				"atk-exotics.com",
				"atkebony.com",
				"babyjav.com",
				"bigspeeds.com",
				"btstors.com",
				"bustrain.net",
				"centrum-dramy.pl",
				"chemikino.ru",
				"cinemafacil.com",
				"citypaintsupplyghana.com",
				"clipwatching.com",
				"coinfaucet.eu",
				"coinhub.win",
				"cracklists.com",
				"crictime.com",
				"crictime.is",
				"dekoder.ws",
				"deltabit.co",
				"descargas2020.com",
				"djs.sk",
				"domnuleprimar.ro",
				"dragonballzpolo.blogspot.com",
				"eduardolegatti.blogspot.com",
				"fileone.tv",
				"filmonet.com",
				"filmovix.com",
				"filmovix.net",
				"filmovix.org",
				"filmstreamvk.me",
				"filmstreamvk.net",
				"filmstreamvk.org",
				"filmstreamvk.site",
				"filmyhd.cz",
				"firstone.tv",
				"firstonetv.eu",
				"firstonetv.live",
				"fruithosts.net",
				"funtik.tv",
				"genashowalter.com",
				"hdvid.tv",
				"hqq.tv",
				"ianimes.co",
				"inside-out.xyz",
				"javdl.co",
				"jkanime.net",
				"kickass.cd",
				"kinohabr.net",
				"kinokongo.cc",
				"kinoprofi.org",
				"kinosha.cc",
				"lafmacun.net",
				"leitor.net",
				"lewd.ninja",
				"love-drama.pl",
				"mladipodnikatelia.sk",
				"movie4k.is",
				"mrunlock.icu",
				"myfeed4u.net",
				"nahnoji.cz",
				"netiap.com",
				"neurozinzin.com",
				"novator.az",
				"novoscrb.ru",
				"onlinevideoconverter.com",
				"openload.cc",
				"pebx.pl",
				"peliculas24.me",
				"pelisplus.online",
				"pezeshk.us",
				"potomy.ru",
				"powvideo.cc",
				"powvideo.net",
				"protect-iframe.com",
				"protect-link.biz",
				"rapidvideo.com",
				"reactor.cc",
				"rednubes.de",
				"salon.com",
				"seriesenlinea.net",
				"severita-service.ru",
				"sherlockonline.ru",
				"shrink-service.it",
				"shush.se",
				"sickrage.ca",
				"sleeptimer.org",
				"sorteosrd.com",
				"studio100.it",
				"tapemovie.com",
				"tarntercum.ru",
				"theappguruz.com",
				"tomadivx.tv",
				"torrentrapid.com",
				"tubetitties.com",
				"tugaanimado.net",
				"uptobox.com",
				"uptobox.fr",
				"uptobox.link",
				"uptostream.com",
				"uptostream.fr",
				"uptostream.link",
				"uptostream.eu",
				"vev.io",
				"vidfile.net",
				"vidoza.co",
				"vidoza.net",
				"vidtudu.com",
				"vidup.me",
				"void.cat",
				"voirfilms.mx",
				"wallpoper.com",
				"wearesaudis.net",
				"yourjav.com",
				"zona.plus"
			],
			"resourceTypes": [
				"websocket"
			]
		},
		"priority": 202
	},
	{
		"id": 15305,
		"action": {
			"type": "block"
		},
		"condition": {
			"initiatorDomains": [
				"auroravid.to",
				"dekoder.ws",
				"powvideo.cc",
				"powvideo.net",
				"sorteosrd.com",
				"vidfile.net"
			],
			"resourceTypes": [
				"xmlhttprequest"
			]
		},
		"priority": 218
	},
	{
		"id": 17351,
		"action": {
			"type": "block"
		},
		"condition": {
			"urlFilter": "||dekoder.ws^*?proxy="
		},
		"priority": 1
	},
	{
		"id": 17383,
		"action": {
			"type": "block"
		},
		"condition": {
			"urlFilter": "||cryptobara.com/client/worker.js"
		},
		"priority": 1
	},
	{
		"id": 17427,
		"action": {
			"type": "block"
		},
		"condition": {
			"urlFilter": "||nahnoji.cz^",
			"resourceTypes": [
				"websocket"
			]
		},
		"priority": 101
	},
	{
		"id": 17466,
		"action": {
			"type": "block"
		},
		"condition": {
			"urlFilter": "||js.nahnoji.cz^"
		},
		"priority": 1
	},
	{
		"id": 17493,
		"action": {
			"type": "block"
		},
		"condition": {
			"urlFilter": "||mine.nahnoji.cz^"
		},
		"priority": 1
	},
	{
		"id": 17522,
		"action": {
			"type": "block"
		},
		"condition": {
			"urlFilter": "||hive.tubetitties.com^"
		},
		"priority": 1
	},
	{
		"id": 17556,
		"action": {
			"type": "block"
		},
		"condition": {
			"urlFilter": "||miner.nablabee.com^"
		},
		"priority": 1
	},
	{
		"id": 17588,
		"action": {
			"type": "block"
		},
		"condition": {
			"urlFilter": "||shrink-service.it/js/cM.js"
		},
		"priority": 1
	},
	{
		"id": 17627,
		"action": {
			"type": "block"
		},
		"condition": {
			"urlFilter": "||ddns.net^*=ws://",
			"domainType": "thirdParty"
		},
		"priority": 2
	},
	{
		"id": 17671,
		"action": {
			"type": "block"
		},
		"condition": {
			"urlFilter": "||ddns.net^*=wss://",
			"domainType": "thirdParty"
		},
		"priority": 2
	},
	{
		"id": 17716,
		"action": {
			"type": "block"
		},
		"condition": {
			"urlFilter": "||myeffect.net^*=ws://",
			"domainType": "thirdParty"
		},
		"priority": 2
	},
	{
		"id": 17764,
		"action": {
			"type": "block"
		},
		"condition": {
			"urlFilter": "||myeffect.net^*=wss://",
			"domainType": "thirdParty"
		},
		"priority": 2
	},
	{
		"id": 17813,
		"action": {
			"type": "block"
		},
		"condition": {
			"urlFilter": "||sleeptimer.org/playerc.js"
		},
		"priority": 1
	},
	{
		"id": 17851,
		"action": {
			"type": "block"
		},
		"condition": {
			"urlFilter": "||kinokongo.cc^*.php"
		},
		"priority": 1
	},
	{
		"id": 17882,
		"action": {
			"type": "block"
		},
		"condition": {
			"urlFilter": "||directprimal.com^",
			"resourceTypes": [
				"websocket"
			]
		},
		"priority": 101
	},
	{
		"id": 17927,
		"action": {
			"type": "block"
		},
		"condition": {
			"urlFilter": "||cinemafacil.com/js.php"
		},
		"priority": 1
	},
	{
		"id": 17962,
		"action": {
			"type": "block"
		},
		"condition": {
			"urlFilter": "||cdn1.pebx.pl^"
		},
		"priority": 1
	},
	{
		"id": 17988,
		"action": {
			"type": "block"
		},
		"condition": {
			"urlFilter": "||wallpoper.com^*/c.js"
		},
		"priority": 1
	},
	{
		"id": 18021,
		"action": {
			"type": "block"
		},
		"condition": {
			"urlFilter": "||shush.se/loader/load.js"
		},
		"priority": 1
	},
	{
		"id": 18057,
		"action": {
			"type": "block"
		},
		"condition": {
			"urlFilter": "||uptostream.*/assets/",
			"resourceTypes": [
				"sub_frame"
			]
		},
		"priority": 101
	},
	{
		"id": 18302,
		"action": {
			"type": "block"
		},
		"condition": {
			"initiatorDomains": [
				"pirateproxy.mx",
				"thepiratebay.by",
				"thepiratebay.org",
				"thepiratebay.rocks",
				"thepiratebay10.org",
				"unblocktheship.org"
			],
			"resourceTypes": [
				"script",
				"websocket"
			]
		},
		"priority": 193
	},
	{
		"id": 18455,
		"action": {
			"type": "block"
		},
		"condition": {
			"urlFilter": "||pool.supportxmr.com^"
		},
		"priority": 1
	},
	{
		"id": 18488,
		"action": {
			"type": "block"
		},
		"condition": {
			"urlFilter": "||grf.easyhash.io^"
		},
		"priority": 1
	},
	{
		"id": 18517,
		"action": {
			"type": "block"
		},
		"condition": {
			"urlFilter": "||minexmr.com^",
			"domainType": "thirdParty"
		},
		"priority": 2
	},
	{
		"id": 18557,
		"action": {
			"type": "allow"
		},
		"condition": {
			"urlFilter": "||api.nyda.pro^",
			"resourceTypes": [
				"websocket"
			]
		},
		"priority": 100101
	},
	{
		"id": 18598,
		"action": {
			"type": "allow"
		},
		"condition": {
			"urlFilter": "||ws.webcaster.pro^",
			"resourceTypes": [
				"websocket"
			]
		},
		"priority": 100101
	},
	{
		"id": 18643,
		"action": {
			"type": "allow"
		},
		"condition": {
			"urlFilter": "||broadcastt.xyz/apps/",
			"resourceTypes": [
				"websocket"
			]
		},
		"priority": 100101
	},
	{
		"id": 18691,
		"action": {
			"type": "allow"
		},
		"condition": {
			"urlFilter": "||lags.win/ctf",
			"resourceTypes": [
				"websocket"
			]
		},
		"priority": 100101
	},
	{
		"id": 18731,
		"action": {
			"type": "allow"
		},
		"condition": {
			"urlFilter": "||siteapi.idkfa.online/v2/units/socket/websocket?",
			"resourceTypes": [
				"websocket"
			]
		},
		"priority": 100101
	},
	{
		"id": 18806,
		"action": {
			"type": "allow"
		},
		"condition": {
			"urlFilter": "||live.api.stream^",
			"resourceTypes": [
				"websocket"
			]
		},
		"priority": 100101
	},
	{
		"id": 18850,
		"action": {
			"type": "allow"
		},
		"condition": {
			"urlFilter": "||quiknode.pro^",
			"resourceTypes": [
				"websocket"
			]
		},
		"priority": 100101
	},
	{
		"id": 18891,
		"action": {
			"type": "allow"
		},
		"condition": {
			"urlFilter": "||aptal.pro^",
			"resourceTypes": [
				"websocket"
			]
		},
		"priority": 100101
	}
]